name,issn_l,alt_names,tier,partition,if_band,domain,note,tier_basis
Nature,0028-0836,,T1,1,10+,综合,,cas_partition_ref
Science,0036-8075,AAAS,T1,1,10+,综合,,cas_partition_ref
Cell,0092-8674,,T1,1,10+,生物,,cas_partition_ref
The Lancet,0140-6736,Lancet,T1,1,10+,医学,,cas_partition_ref
New England Journal of Medicine,0028-4793,NEJM,T1,1,10+,医学,,cas_partition_ref
Journal of the American Chemical Society,0002-7863,JACS,T1,1,10+,化学,,cas_partition_ref
Angewandte Chemie International Edition,1433-7851,Angew Chem Int Ed / Angewandte,T1,1,10+,化学,,cas_partition_ref
Chemical Reviews,0009-2665,Chem Rev,T1,1,15+,化学,高被引综述刊,cas_partition_ref
Chemical Society Reviews,0306-0012,Chem Soc Rev,T1,1,15+,化学,高被引综述刊,cas_partition_ref
Nature Materials,1476-4660,Nat Mater,T1,1,10+,材料,,cas_partition_ref
Nature Nanotechnology,1748-3387,Nat Nanotechnol,T1,1,10+,材料,,cas_partition_ref
Nature Chemistry,1755-4330,Nat Chem,T1,1,10+,化学,,cas_partition_ref
Nature Energy,2058-7546,Nat Energy,T1,1,10+,能源,,cas_partition_ref
Nature Communications,2041-1723,Nat Commun,T1,1,10+,综合,,cas_partition_ref
Science Advances,2198-1612,Sci Adv,T1,1,10+,综合,,cas_partition_ref
Proceedings of the National Academy of Sciences,0027-8424,PNAS,T1,1,10+,综合,,cas_partition_ref
Advanced Materials,0935-9648,Adv Mater,T1,1,10+,材料,,cas_partition_ref
Energy & Environmental Science,1754-5633,EES,T1,1,10+,能源,,cas_partition_ref
Joule,2542-4351,,T1,1,10+,能源,,cas_partition_ref
Nature Catalysis,2520-5861,Nat Catal,T1,1,15+,化学,,cas_partition_ref
Nature Sustainability,2398-9629,Nat Sustain,T1,1,10+,环境,,cas_partition_ref
Nature Electronics,2519-9293,Nat Electron,T1,1,10+,信息,,cas_partition_ref
IEEE Communications Surveys and Tutorials,1553-877X,IEICE CST,T1,1,15+,信息,,cas_partition_ref
Chemical Engineering Journal,1385-8947,CEJ,T2,1,10+,化工,,cas_partition_ref
ACS Nano,1936-0851,,T2,1,10+,材料,,cas_partition_ref
Nano Letters,1530-6984,Nano Lett,T2,1,10+,材料,,cas_partition_ref
ACS Energy Letters,2380-8195,,T2,1,10+,能源,,cas_partition_ref
Nano Energy,2211-2855,,T2,1,10+,能源,,cas_partition_ref
Advanced Energy Materials,1614-6832,Adv Energy Mater,T2,1,10+,能源,,cas_partition_ref
Advanced Functional Materials,1616-3028,AFM / Adv Funct Mater,T2,1,10+,材料,,cas_partition_ref
Small,1613-6810,,T2,1,10+,材料,,cas_partition_ref
Carbon Energy,2151-8394,,T2,1,10+,能源,,cas_partition_ref
Materials Today,1369-7021,,T2,1,10+,材料,,cas_partition_ref
Acta Materialia,1359-6456,,T2,1,8+,材料,,cas_partition_ref
Corrosion Science,0010-938X,,T2,1,8+,材料,,cas_partition_ref
Journal of Materials Chemistry A,2050-7488,J Mater Chem A,T2,1,8+,材料,,cas_partition_ref
Journal of Materials Chemistry A,2050-7496,J Mater Chem A,T2,1,8+,材料,在线与印刷 ISSN 不同,cas_partition_ref
Green Chemistry,1464-0325,,T2,1,8+,化学,,cas_partition_ref
Applied Catalysis B: Environment and Energy,1385-8947,Appl Catal B,T2,1,10+,化学,ISSN 与 CEJ 历史共用需以目录为准,cas_partition_ref
Environmental Science & Technology,0013-9364,ES&T,T2,1,10+,环境,,cas_partition_ref
Acs Catalysis,2155-5435,ACS Catal,T2,1,8+,化学,,cas_partition_ref
Materials Horizons,2050-7526,,T2,1,8+,材料,,cas_partition_ref
InfoMat,2509-3977,,T2,1,10+,信息,,cas_partition_ref
eScience,2590-1605,,T2,1,10+,综合,,cas_partition_ref
Journal of Power Sources,0378-7753,J Power Sources,T2,1,6+,能源,,cas_partition_ref
Journal of Energy Chemistry,2095-4956,J Energy Chem,T2,1,8+,化学,,cas_partition_ref
Electrochimica Acta,0013-4686,,T3,2,4+,能源,,cas_partition_ref
Solid State Ionics,0167-2738,,T3,2,4+,材料,,cas_partition_ref
ACS Applied Materials & Interfaces,1944-5458,ACS Appl Mater Interfaces,T3,2,4+,材料,,cas_partition_ref
Applied Surface Science,0169-4332,Appl Surf Sci,T3,2,4+,材料,,cas_partition_ref
Chemical Engineering Science,0009-2509,CES,T3,2,4+,化工,,cas_partition_ref
Separation and Purification Technology,1383-5866,Sep Purif Technol,T3,2,6+,化工,,cas_partition_ref
Ceramics International,0272-8842,,T3,2,4+,材料,,cas_partition_ref
Materials Letters,0167-577X,,T3,2,3+,材料,,cas_partition_ref
Materials Science and Engineering B,0921-5107,Mater Sci Eng B,T3,2,4+,材料,,cas_partition_ref
Ionics,1336-457X,,T3,2,3+,材料,,cas_partition_ref
Journal of Alloys and Compounds,0925-8388,J Alloys Compd,T3,2,4+,材料,,cas_partition_ref
Electrochemistry Communications,1388-2481,Electrochem Commun,T3,2,4+,能源,,cas_partition_ref
Journal of The Electrochemical Society,0013-4686? ,J Electrochem Soc,T3,2,3+,能源,历史 ISSN 与 EA 相同需核对,cas_partition_ref
IEEE Transactions on Pattern Analysis and Machine Intelligence,0162-8828,TPAMI,T1,1,15+,信息,CCF-A,cas_partition_ref
IEEE Transactions on Software Engineering,0098-5589,TSE,T1,1,8+,信息,CCF-A,cas_partition_ref
IEEE Transactions on Computers,0018-9340,TC,T1,1,6+,信息,CCF-A,cas_partition_ref
ACM Transactions on Computer Systems,0734-2071,TOCS,T1,,6+,信息,CCF-A,editorial_judgement
Artificial Intelligence,0004-3701,AIJ,T1,1,8+,信息,CCF-A,cas_partition_ref
Journal of Machine Learning Research,1532-4435,JMLR,T1,1,8+,信息,CCF-A,cas_partition_ref
International Journal of Computer Vision,0920-5691,IJCV,T1,1,10+,信息,CCF-A,cas_partition_ref
Pattern Recognition,0031-3203,,T2,1,8+,信息,CCF-B,cas_partition_ref
Neurocomputing,0925-2312,,T3,2,4+,信息,CCF-C,cas_partition_ref
Knowledge-Based Systems,0950-7051,KBS,T2,1,8+,信息,,cas_partition_ref
IEEE Internet of Things Journal,2327-4662,IoTJ,T2,1,8+,信息,,cas_partition_ref
IEEE Transactions on Industrial Electronics,0278-0046,TIE,T2,1,8+,信息,,cas_partition_ref
IEEE Transactions on Smart Grid,1949-3053,TSG,T2,1,8+,信息,,cas_partition_ref
Applied Energy,0306-2619,,T2,1,10+,能源,,cas_partition_ref
Renewable and Sustainable Energy Reviews,1364-0321,RSER,T2,1,15+,能源,高被引综述刊,cas_partition_ref
Journal of Cleaner Production,0959-6526,JCP,T3,2,8+,环境,,cas_partition_ref
Science of the Total Environment,0048-9697,STOTEN,T2,1,8+,环境,,cas_partition_ref
Chemosphere,0045-6535,,T3,2,5+,环境,,cas_partition_ref
Water Research,0043-1354,,T2,1,10+,环境,,cas_partition_ref
Journal of Hazardous Materials,0304-3894,JHM,T2,1,10+,环境,,cas_partition_ref
IEEE Transactions on Neural Networks and Learning Systems,2162-237X,TNNLS,T1,1,10+,信息,,cas_partition_ref
IEEE Signal Processing Magazine,1053-5888,SPM,T2,1,10+,信息,,cas_partition_ref
自动化学报,0254-4156,Acta Automatica Sinica,T2,1,3+,信息,中国科技期刊卓越行动计划,cas_partition_ref
计算机学报,0254-4164,Chinese Journal of Computers,T2,1,3+,信息,卓越行动计划,cas_partition_ref
软件学报,1001-9588,Journal of Software,T2,1,3+,信息,卓越行动计划,cas_partition_ref
中国科学-材料科学,2095-9435,Science China Materials,T2,1,4+,材料,,cas_partition_ref
科学通报,0023-074X,Chinese Science Bulletin,T2,1,4+,综合,,cas_partition_ref
物理学报,1000-3290,Acta Physica Sinica,T3,2,2+,物理,,cas_partition_ref
电工技术学报,1000-6753,Transactions of China Electrotechnical Society,T3,2,3+,信息,,cas_partition_ref
中国电机工程学报,0258-8013,Proceedings of the CSEE,T3,2,3+,信息,,cas_partition_ref
储能科学与技术,2095-4263,Energy Storage Science and Technology,T4,,2-,能源,,editorial_judgement
人工晶体学报,1000-985X,Journal of Synthetic Crystals,T4,,1-,材料,,editorial_judgement
International Journal of Robotics Research,,,T1,,,robotics,参考映射：按业内声誉判断，非本校目录、非当年中科院分区,editorial_judgement
Science Robotics,,,T1,,,robotics,参考映射：按业内声誉判断，非本校目录、非当年中科院分区,editorial_judgement
IEEE Transactions on Robotics,,,T1,,,robotics,参考映射：按业内声誉判断，非本校目录、非当年中科院分区,editorial_judgement
Journal of Artificial Intelligence Research,,,T1,,,ai,参考映射：按业内声誉判断，非本校目录、非当年中科院分区,editorial_judgement
Proceedings of the AAAI Conference on Artificial Intelligence,,,T1,,,ai-conf,参考映射：按业内声誉判断，非本校目录、非当年中科院分区,editorial_judgement
IEEE Robotics and Automation Letters,,,T2,,,robotics,参考映射：按业内声誉判断，非本校目录、非当年中科院分区,editorial_judgement
2022 International Conference on Robotics and Automation (ICRA),,,T2,,,robotics-conf,参考映射：按业内声誉判断，非本校目录、非当年中科院分区,editorial_judgement
2021 IEEE/RSJ International Conference on Intelligent Robots and Systems (IROS),,,T2,,,robotics-conf,参考映射：按业内声誉判断，非本校目录、非当年中科院分区,editorial_judgement
IEEE Transactions on Intelligent Transportation Systems,,,T2,,,transport,参考映射：按业内声誉判断，非本校目录、非当年中科院分区,editorial_judgement
IEEE Transactions on Intelligent Vehicles,,,T2,,,transport,参考映射：按业内声誉判断，非本校目录、非当年中科院分区,editorial_judgement
Accident Analysis & Prevention,,,T2,,,safety,参考映射：按业内声誉判断，非本校目录、非当年中科院分区,editorial_judgement
Journal of Safety Research,,,T2,,,safety,参考映射：按业内声誉判断，非本校目录、非当年中科院分区,editorial_judgement
Transportation Research Part C Emerging Technologies,,,T2,,,transport,参考映射：按业内声誉判断，非本校目录、非当年中科院分区,editorial_judgement
Transportation Research Part C: Emerging Technologies,,,T2,,,transport,参考映射：按业内声誉判断，非本校目录、非当年中科院分区,editorial_judgement
Transportation Research Part F Traffic Psychology and Behaviour,,,T2,,,human-factors,参考映射：按业内声誉判断，非本校目录、非当年中科院分区,editorial_judgement
IEEE Transactions on Systems Man and Cybernetics Systems,,,T2,,,cybernetics,参考映射：按业内声誉判断，非本校目录、非当年中科院分区,editorial_judgement
IEEE Transactions on Human-Machine Systems,,,T2,,,human-factors,参考映射：按业内声誉判断，非本校目录、非当年中科院分区,editorial_judgement
International Journal of Human-Computer Interaction,,,T2,,,hci,参考映射：按业内声誉判断，非本校目录、非当年中科院分区,editorial_judgement
Chinese Journal of Aeronautics,,,T2,,,aerospace,参考映射：按业内声誉判断，非本校目录、非当年中科院分区,editorial_judgement
IEEE/ASME Transactions on Mechatronics,,,T2,,,mechatronics,参考映射：按业内声誉判断，非本校目录、非当年中科院分区,editorial_judgement
IEEE Transactions on Vehicular Technology,,,T2,,,comms-eng,参考映射：按业内声誉判断，非本校目录、非当年中科院分区,editorial_judgement
Advanced Engineering Informatics,,,T2,,,engineering-informatics,参考映射：按业内声誉判断，非本校目录、非当年中科院分区,editorial_judgement
Communications in Transportation Research,,,T3,,,transport,参考映射：按业内声誉判断，非本校目录、非当年中科院分区,editorial_judgement
IEEE Transactions on Engineering Management,,,T3,,,management,参考映射：按业内声誉判断，非本校目录、非当年中科院分区,editorial_judgement
Applied Intelligence,,,T3,,,ai,参考映射：按业内声誉判断，非本校目录、非当年中科院分区,editorial_judgement
IEEE Control Systems,,,T3,,,control,参考映射：按业内声誉判断，非本校目录、非当年中科院分区,editorial_judgement
International Journal of Intelligent Robotics and Applications,,,T3,,,robotics,参考映射：按业内声誉判断，非本校目录、非当年中科院分区,editorial_judgement
International Journal of Aeronautical and Space Sciences,,,T3,,,aerospace,参考映射：按业内声誉判断，非本校目录、非当年中科院分区,editorial_judgement
SoftwareX,,,T3,,,software,参考映射：按业内声誉判断，非本校目录、非当年中科院分区,editorial_judgement
Drones,,,T4,,,mdpi,参考映射：按业内声誉判断，非本校目录、非当年中科院分区,editorial_judgement
Aerospace,,,T4,,,mdpi,参考映射：按业内声誉判断，非本校目录、非当年中科院分区,editorial_judgement
Sensors,,,T4,,,mdpi,参考映射：按业内声誉判断，非本校目录、非当年中科院分区,editorial_judgement
Electronics,,,T4,,,mdpi,参考映射：按业内声誉判断，非本校目录、非当年中科院分区,editorial_judgement
Applied Sciences,,,T4,,,mdpi,参考映射：按业内声誉判断，非本校目录、非当年中科院分区,editorial_judgement
Information,,,T4,,,mdpi,参考映射：按业内声誉判断，非本校目录、非当年中科院分区,editorial_judgement
IEEE Access,,,T4,,,gao-liang,参考映射：按业内声誉判断，非本校目录、非当年中科院分区,editorial_judgement
Drone Systems and Applications,,,T4,,,small,参考映射：按业内声誉判断，非本校目录、非当年中科院分区,editorial_judgement
Chinese Journal of Electronics,,,T4,,,cs,参考映射：按业内声誉判断，非本校目录、非当年中科院分区,editorial_judgement
Robotic Intelligence and Automation,,,T4,,,small,参考映射：按业内声誉判断，非本校目录、非当年中科院分区,editorial_judgement
Case Studies on Transport Policy,,,T4,,,transport,参考映射：按业内声誉判断，非本校目录、非当年中科院分区,editorial_judgement
Journal of Physics Conference Series,,,T4,,,conf-series,参考映射：按业内声誉判断，非本校目录、非当年中科院分区,editorial_judgement
Array,,,T4,,,elsevier-open,参考映射：按业内声誉判断，非本校目录、非当年中科院分区,editorial_judgement
Traffic Injury Prevention,,,T4,,,safety,参考映射：按业内声誉判断，非本校目录、非当年中科院分区,editorial_judgement
The Scientific World Journal,,,T5,,,withdrawn-publisher,参考映射：按业内声誉判断，非本校目录、非当年中科院分区,editorial_judgement
Heliyon,,,T5,,,volume-publisher,参考映射：按业内声誉判断，非本校目录、非当年中科院分区,editorial_judgement
Lecture notes in computer science,,,T4,,,cs-series,"Springer LNCS 会议丛书,OpenAlex 归为 book series,61万条;会议集不算成果；联网核实(2026-09-21)：出版方/分区/撤稿记录见 note；仍属参考映射，正式场合以本校目录与当年中科院分区为准",proceedings_or_series
Proceedings of the Human Factors and Ergonomics Society Annual Meeting,,,T4,,,human-factors-conf,"SAGE 出版的 HFES 会议集,21175 条;会议集不算成果；联网核实(2026-09-21)：出版方/分区/撤稿记录见 note；仍属参考映射，正式场合以本校目录与当年中科院分区为准",proceedings_or_series
AHFE international,,,T4,,,design-conf,"AHFE 自出版会议群,DOI 前缀 10.54941,h=16;量产会议集；联网核实(2026-09-21)：出版方/分区/撤稿记录见 note；仍属参考映射，正式场合以本校目录与当年中科院分区为准",proceedings_or_series
Journal of Intelligent & Robotic Systems,,,T3,,,robotics,"Springer,中科院3区,IF≈3.1；联网核实(2026-09-21)：出版方/分区/撤稿记录见 note；仍属参考映射，正式场合以本校目录与当年中科院分区为准",editorial_judgement
Human Factors The Journal of the Human Factors and Ergonomics Society,,,T2,,,human-factors,"SAGE/HFES 旗舰刊,3区,IF≈3.6；联网核实(2026-09-21)：出版方/分区/撤稿记录见 note；仍属参考映射，正式场合以本校目录与当年中科院分区为准",editorial_judgement
Human Factors: The Journal of the Human Factors and Ergonomics Society,,,T2,,,human-factors,同上(带冒号变体)；联网核实(2026-09-21)：出版方/分区/撤稿记录见 note；仍属参考映射，正式场合以本校目录与当年中科院分区为准,editorial_judgement
Sustainability,,,T4,,,sustainability,"MDPI,3区,IF≈4.1,发文 10.9 万;特刊灌水争议；联网核实(2026-09-21)：出版方/分区/撤稿记录见 note；仍属参考映射，正式场合以本校目录与当年中科院分区为准",editorial_judgement
ACM Transactions on Human-Robot Interaction,,,T2,,,hri,"ACM,2区,IF≈7.0,2018 创刊(新刊但学会会刊)；联网核实(2026-09-21)：出版方/分区/撤稿记录见 note；仍属参考映射，正式场合以本校目录与当年中科院分区为准",editorial_judgement
Lecture notes in electrical engineering,,,T4,,,engineering-series,"Springer LNEE 丛书,9.6 万条;会议集；联网核实(2026-09-21)：出版方/分区/撤稿记录见 note；仍属参考映射，正式场合以本校目录与当年中科院分区为准",proceedings_or_series
IEEE Transactions on Image Processing,,,T1,,,signal-processing,"IEEE 信号处理学会会刊,1区,IF≈15.3；联网核实(2026-09-21)：出版方/分区/撤稿记录见 note；仍属参考映射，正式场合以本校目录与当年中科院分区为准",editorial_judgement
IEEE Transactions on Cybernetics,,,T2,,,control-ml,"IEEE SMC 学会,1区,IF≈11.3(距 T1 一步,按领域惯例留 T2)；联网核实(2026-09-21)：出版方/分区/撤稿记录见 note；仍属参考映射，正式场合以本校目录与当年中科院分区为准",editorial_judgement
AI,,,T4,,,ai-oa,"MDPI 综合 AI 刊,IF≈6.5,h=47;新刊+特刊灌水；联网核实(2026-09-21)：出版方/分区/撤稿记录见 note；仍属参考映射，正式场合以本校目录与当年中科院分区为准",editorial_judgement
Progress in Aerospace Sciences,,,T1,,,aerospace-review,"Elsevier 邀稿综述刊,1区,IF≈24.2;综述刊不作常规产出；联网核实(2026-09-21)：出版方/分区/撤稿记录见 note；仍属参考映射，正式场合以本校目录与当年中科院分区为准",editorial_judgement
Data in Brief,,,T4,,,data-description,"Elsevier 数据描述刊,4区,IF≈1.9;非成果型载体；联网核实(2026-09-21)：出版方/分区/撤稿记录见 note；仍属参考映射，正式场合以本校目录与当年中科院分区为准",editorial_judgement
ACM Computing Surveys,,,T1,,,cs-review,"ACM 综述顶刊,1区,IF≈30.4；联网核实(2026-09-21)：出版方/分区/撤稿记录见 note；仍属参考映射，正式场合以本校目录与当年中科院分区为准",editorial_judgement
Journal of Robotics and Mechatronics,,,T3,,,robotics,"Fuji Technology Press(日本),4区,IF≈1.0;影响有限；联网核实(2026-09-21)：出版方/分区/撤稿记录见 note；仍属参考映射，正式场合以本校目录与当年中科院分区为准",editorial_judgement
Risk Analysis,,,T1,,,risk-safety,"Wiley/风险研判学会旗舰刊,OpenAlex h=216；联网核实(2026-09-21)：出版方/分区/撤稿记录见 note；仍属参考映射，正式场合以本校目录与当年中科院分区为准",editorial_judgement
IEEE Open Journal of Intelligent Transportation Systems,,,T3,,,its-oa,"IEEE OA 新刊,2019 创刊,IF≈4.6；联网核实(2026-09-21)：出版方/分区/撤稿记录见 note；仍属参考映射，正式场合以本校目录与当年中科院分区为准",editorial_judgement
Transportation Research Part A Policy and Practice,,,T2,,,transport-policy,"Elsevier TR 系列,1区,IF≈7.2；联网核实(2026-09-21)：出版方/分区/撤稿记录见 note；仍属参考映射，正式场合以本校目录与当年中科院分区为准",editorial_judgement
International Journal of Human-Computer Studies,,,T2,,,hci,"Elsevier,2区,IF≈6.0；联网核实(2026-09-21)：出版方/分区/撤稿记录见 note；仍属参考映射，正式场合以本校目录与当年中科院分区为准",editorial_judgement
The International Journal of Robotics Research,,,T1,,,robotics,"SAGE,机器人领域第一顺位刊,h=263；联网核实(2026-09-21)：出版方/分区/撤稿记录见 note；仍属参考映射，正式场合以本校目录与当年中科院分区为准",editorial_judgement
IEEE Aerospace and Electronic Systems Magazine,,,T3,,,aerospace-elec,"IEEE AES 学会杂志,3区,IF≈5.1；联网核实(2026-09-21)：出版方/分区/撤稿记录见 note；仍属参考映射，正式场合以本校目录与当年中科院分区为准",editorial_judgement
International Journal of Industrial Ergonomics,,,T3,,,ergonomics,"Elsevier,2区,IF≈3.6；联网核实(2026-09-21)：出版方/分区/撤稿记录见 note；仍属参考映射，正式场合以本校目录与当年中科院分区为准",editorial_judgement
Research topics in aerospace,,,T4,,,aerospace-series,"Springer 书系,2012-2022 停更;非期刊；联网核实(2026-09-21)：出版方/分区/撤稿记录见 note；仍属参考映射，正式场合以本校目录与当年中科院分区为准",editorial_judgement
2022 17th International Conference on Control Automation Robotics and Vision ICARCV,,,T4,,,control-conf,"IEEE 亚太区域会议,无权威收录/录用率数据；联网核实(2026-09-21)：出版方/分区/撤稿记录见 note；仍属参考映射，正式场合以本校目录与当年中科院分区为准",proceedings_or_series
Computers and Electronics in Agriculture,,,T2,,,agric-informatics,"Elsevier,1区,IF≈10.3(本方向只作方法邻近参考)；联网核实(2026-09-21)：出版方/分区/撤稿记录见 note；仍属参考映射，正式场合以本校目录与当年中科院分区为准",editorial_judgement
Journal of Intelligent & Fuzzy Systems,,,T5,,,ai-disputed,"SAGE(2023.11 收购 IOS Press);Retraction Watch 2025-04-17:累计撤稿 1561 篇,论文工厂+引文操纵,曾被 Clarivate On Hold；联网核实(2026-09-21)：出版方/分区/撤稿记录见 note；仍属参考映射，正式场合以本校目录与当年中科院分区为准",editorial_judgement
Information Sciences,,,T2,,,information-science,"Elsevier,1区,IF≈6.0,年发文 2.3 万;量产但学科认可仍在；联网核实(2026-09-21)：出版方/分区/撤稿记录见 note；仍属参考映射，正式场合以本校目录与当年中科院分区为准",high_volume_journal
AIAA AVIATION 2022 Forum,,,T3,,,aerospace-conf,AIAA 老牌学会会议(aiaa.org Meeting Papers 收录);会议论文一般不计代表作；联网核实(2026-09-21)：出版方/分区/撤稿记录见 note；仍属参考映射，正式场合以本校目录与当年中科院分区为准,proceedings_or_series
AIAA AVIATION 2021 Forum,,,T3,,,aerospace-conf,同上；联网核实(2026-09-21)：出版方/分区/撤稿记录见 note；仍属参考映射，正式场合以本校目录与当年中科院分区为准,editorial_judgement
AIAA Scitech 2021 Forum,,,T3,,,aerospace-conf,同上；联网核实(2026-09-21)：出版方/分区/撤稿记录见 note；仍属参考映射，正式场合以本校目录与当年中科院分区为准,editorial_judgement
Robotics and Computer-Integrated Manufacturing,,,T2,,,manufacturing-robotics,"Elsevier,1区,IF≈12.3；联网核实(2026-09-21)：出版方/分区/撤稿记录见 note；仍属参考映射，正式场合以本校目录与当年中科院分区为准",editorial_judgement
International Journal of Electrical and Electronic Engineering & Telecommunications,,,T4,,,ee-edge,"EJournal Publishing(印度),仅 Scopus 边缘,无 IF;业内不认可；联网核实(2026-09-21)：出版方/分区/撤稿记录见 note；仍属参考映射，正式场合以本校目录与当年中科院分区为准",editorial_judgement
IEEE Control Systems Letters,,,T2,,,control-letters,"IEEE 控制学会 letters,2017 创刊,IF≈1.9(短文快刊,学科认可高)；联网核实(2026-09-21)：出版方/分区/撤稿记录见 note；仍属参考映射，正式场合以本校目录与当年中科院分区为准",editorial_judgement
Scientific Data,,,T3,,,data-description,"Nature Portfolio,2区,IF≈7.2;数据描述类,不当研究成果计；联网核实(2026-09-21)：出版方/分区/撤稿记录见 note；仍属参考映射，正式场合以本校目录与当年中科院分区为准",editorial_judgement
IEEE Transactions on Automation Science and Engineering,,,T2,,,automation,"IEEE RAM 学会,2区,IF≈7.9；联网核实(2026-09-21)：出版方/分区/撤稿记录见 note；仍属参考映射，正式场合以本校目录与当年中科院分区为准",editorial_judgement
Space Weather,,,T2,,,space-weather,"AGU/Wiley 会刊,IF≈3.5(本方向属偶发邻近)；联网核实(2026-09-21)：出版方/分区/撤稿记录见 note；仍属参考映射，正式场合以本校目录与当年中科院分区为准",editorial_judgement
IET Cyber-Systems and Robotics,,,T4,,,robotics-oa,"IET OA 新刊,2019 创刊,IF≈1.2;声誉未定型；联网核实(2026-09-21)：出版方/分区/撤稿记录见 note；仍属参考映射，正式场合以本校目录与当年中科院分区为准",editorial_judgement
Expert Systems with Applications,,,T2,,,applied-ai,"Elsevier,1区,IF≈9.4,年发文 3.2 万;量产；联网核实(2026-09-21)：出版方/分区/撤稿记录见 note；仍属参考映射，正式场合以本校目录与当年中科院分区为准",high_volume_journal
IEEE Open Journal of Control Systems,,,T4,,,control-oa,"IEEE OA 新刊,2020 起仅约 200 篇,IF≈1.2(未交叉验证)；联网核实(2026-09-21)：出版方/分区/撤稿记录见 note；仍属参考映射，正式场合以本校目录与当年中科院分区为准",editorial_judgement
Engineering Applications of Artificial Intelligence,,,T2,,,applied-ai,"Elsevier,1区,IF≈9.0；联网核实(2026-09-21)：出版方/分区/撤稿记录见 note；仍属参考映射，正式场合以本校目录与当年中科院分区为准",editorial_judgement
Communications Engineering,,,T3,,,engineering-oa,"Nature Portfolio OA 子刊;IF 两源冲突(LetPub 列表≈2.6/详情 0.0),未采信具体数字；联网核实(2026-09-21)：出版方/分区/撤稿记录见 note；仍属参考映射，正式场合以本校目录与当年中科院分区为准",editorial_judgement
Displays,,,T3,,,display-tech,"Elsevier,3区,IF≈3.9；联网核实(2026-09-21)：出版方/分区/撤稿记录见 note；仍属参考映射，正式场合以本校目录与当年中科院分区为准",editorial_judgement
Expert Systems,,,T3,,,ai,"Wiley,4区,IF≈3.4；联网核实(2026-09-21)：出版方/分区/撤稿记录见 note；仍属参考映射，正式场合以本校目录与当年中科院分区为准",editorial_judgement
Journal of Construction Engineering and Management,,,T2,,,construction-asce,"ASCE 学会旗舰刊,2区,IF≈5.5；联网核实(2026-09-21)：出版方/分区/撤稿记录见 note；仍属参考映射，正式场合以本校目录与当年中科院分区为准",editorial_judgement
Linköping studies in arts and science,,,T4,,,thesis-series,"Linköping 大学学位论文丛书,非期刊;子系列编号未核；联网核实(2026-09-21)：出版方/分区/撤稿记录见 note；仍属参考映射，正式场合以本校目录与当年中科院分区为准",proceedings_or_series
Linköping studies in science and technology,,,T4,,,thesis-series,"同上出版方,学位论文丛书,非期刊；联网核实(2026-09-21)：出版方/分区/撤稿记录见 note；仍属参考映射，正式场合以本校目录与当年中科院分区为准",proceedings_or_series
Reliability Engineering & System Safety,,,T1,,,reliability-safety,"Elsevier,1区,IF≈13.7;安全/可靠性顶刊；联网核实(2026-09-21)：出版方/分区/撤稿记录见 note；仍属参考映射，正式场合以本校目录与当年中科院分区为准",editorial_judgement
Advances in intelligent systems and computing,,,T4,,,cs-series,"Springer AISC 会议丛书,7.3 万条；联网核实(2026-09-21)：出版方/分区/撤稿记录见 note；仍属参考映射，正式场合以本校目录与当年中科院分区为准",proceedings_or_series
IEEE Sensors Letters,,,T3,,,sensors,"IEEE 传感器学会短文刊,2017 创刊,4区,IF≈2.4；联网核实(2026-09-21)：出版方/分区/撤稿记录见 note；仍属参考映射，正式场合以本校目录与当年中科院分区为准",editorial_judgement
Neural Networks,,,T2,,,neuro-ml,"Elsevier/INNS 会刊,2区,IF≈7.2；联网核实(2026-09-21)：出版方/分区/撤稿记录见 note；仍属参考映射，正式场合以本校目录与当年中科院分区为准",editorial_judgement
Journal of Institute of Control Robotics and Systems,,,T4,,,control-regional,"韩国控制机器人学会刊,DOI 前缀 10.5302,未入核心；联网核实(2026-09-21)：出版方/分区/撤稿记录见 note；仍属参考映射，正式场合以本校目录与当年中科院分区为准",editorial_judgement
Innovative Research Thoughts,,,T5,,,predatory-risk,"Shodh Sagar(印度)巨型综合刊,OpenAlex listed_in 为空,不入 Scopus/CWTS 核心,无 LetPub 记录；联网核实(2026-09-21)：出版方/分区/撤稿记录见 note；仍属参考映射，正式场合以本校目录与当年中科院分区为准",editorial_judgement
International conference KNOWLEDGE-BASED ORGANIZATION,,,T4,,,management-conf,"De Gruyter 会议集,非核心；联网核实(2026-09-21)：出版方/分区/撤稿记录见 note；仍属参考映射，正式场合以本校目录与当年中科院分区为准",proceedings_or_series
Journal of Aviation/Aerospace Education & Research,,,T4,,,aviation-education,"Embry-Riddle 大学自刊,非 SCI 收录,h=15；联网核实(2026-09-21)：出版方/分区/撤稿记录见 note；仍属参考映射，正式场合以本校目录与当年中科院分区为准",editorial_judgement
WARTA ARDHIA,,,T4,,,transport-policy-mag,"印尼交通部政策局杂志,DOI 前缀 10.25104,h≈7,非国际收录；联网核实(2026-09-21)：出版方/分区/撤稿记录见 note；仍属参考映射，正式场合以本校目录与当年中科院分区为准",editorial_judgement
"Computers, Materials & Continua",,,T4,,,multidisciplinary,"Tech Science Press,中科院计算机4区,IF≈2.4,7365 篇;特刊灌水；联网核实(2026-09-21)：出版方/分区/撤稿记录见 note；仍属参考映射，正式场合以本校目录与当年中科院分区为准",editorial_judgement
Computers & Electrical Engineering,,,T5,,,预警名单,"列入 2025 年度《国际期刊预警名单》(论文工厂),仅 5 本之一;西安工业大学/安阳师院科研处公示；联网核实(2026-09-21)：出版方/分区/撤稿记录见 note；仍属参考映射，正式场合以本校目录与当年中科院分区为准",editorial_judgement
